{"cameraMode":{"drawMode":0,"name":"Shaded","section":"Shading Mode"},"sceneLighting":false,"audioPlay":false,"sceneViewState":{"showFog":true,"showMaterialUpdate":true,"showSkybox":false,"showFlares":true,"showImageEffects":true,"showParticleSystems":true},"in2DMode":false,"pivot":{"x":55.755184173583987,"y":10.61552906036377,"z":-5.95047664642334},"rotation":{"x":-0.04048949107527733,"y":-0.003589489497244358,"z":0.00014792571892030537,"w":-0.9991896748542786},"size":7.7163801193237309,"orthographic":false}